name,email,phone,status,probability,dealValue,currency,scoreIA
Antoine Simon,antoine.simon1@leads.com,0736238264,LOST,81,32645,USD,68
Paul Dupont,paul.dupont2@leads.com,0732185168,NEW,53,10323,USD,57
Jean Leroy,jean.leroy3@leads.com,0769781556,NEW,72,32933,USD,28
Antoine Bernard,antoine.bernard4@leads.com,0790921735,LOST,22,28254,USD,34
Antoine Laurent,antoine.laurent5@leads.com,0787688166,QUALIFIED,87,39988,USD,66
Thomas Garcia,thomas.garcia6@leads.com,0755461792,LOST,48,31507,USD,68
Jean Lefebvre,jean.lefebvre7@leads.com,0778227805,NEW,75,25763,USD,59
Celine Bernard,celine.bernard8@leads.com,0794091353,CONTACTED,69,46357,USD,18
Nicolas Bernard,nicolas.bernard9@leads.com,0721906109,QUALIFIED,25,6044,USD,81
Thomas Michel,thomas.michel10@leads.com,0797746219,LOST,43,46512,USD,46
Sophie Martin,sophie.martin11@leads.com,0754472700,NEW,35,35878,USD,60
Sophie Michel,sophie.michel12@leads.com,0767456845,NEW,62,47174,USD,36
Antoine Leroy,antoine.leroy13@leads.com,0756186216,QUALIFIED,39,49652,USD,23
Antoine Lefebvre,antoine.lefebvre14@leads.com,0738382925,CONTACTED,51,15862,USD,86
Paul Leroy,paul.leroy15@leads.com,0764641139,CONTACTED,75,22511,USD,15
Emma Dupont,emma.dupont16@leads.com,0722805045,QUALIFIED,14,8454,USD,68
Paul Leroy,paul.leroy17@leads.com,0721715222,NEW,63,31985,USD,40
Sophie Laurent,sophie.laurent18@leads.com,0774926285,LOST,84,14598,USD,79
Marie Martin,marie.martin19@leads.com,0734178389,CONTACTED,76,28066,USD,88
Sophie Bernard,sophie.bernard20@leads.com,0786362648,NEW,54,38031,USD,37
Antoine Simon,antoine.simon21@leads.com,0733573275,QUALIFIED,10,24184,USD,55
Thomas Michel,thomas.michel22@leads.com,0738814926,NEW,29,2717,USD,23
Julie Moreau,julie.moreau23@leads.com,0747242562,CONTACTED,39,14750,USD,81
Claire Martin,claire.martin24@leads.com,0768334014,LOST,37,40678,USD,46
Paul Dupont,paul.dupont25@leads.com,0711233973,NEW,55,47082,USD,78
Sophie Martin,sophie.martin26@leads.com,0798893509,NEW,16,24783,USD,60
Luc Dupont,luc.dupont27@leads.com,0781067873,NEW,75,18166,USD,77
Celine Michel,celine.michel28@leads.com,0782534151,LOST,68,8664,USD,69
Sophie Leroy,sophie.leroy29@leads.com,0732762301,NEW,75,43793,USD,94
Thomas Michel,thomas.michel30@leads.com,0791661843,LOST,52,23691,USD,48
Luc Martin,luc.martin31@leads.com,0720561906,QUALIFIED,68,24506,USD,41
Julie Bernard,julie.bernard32@leads.com,0758806566,NEW,39,12584,USD,26
Julie David,julie.david33@leads.com,0798996471,NEW,90,42056,USD,71
Luc Lefebvre,luc.lefebvre34@leads.com,0711151080,CONTACTED,11,14430,USD,65
Celine Petit,celine.petit35@leads.com,0743181402,CONTACTED,44,47926,USD,37
Celine Simon,celine.simon36@leads.com,0744045010,NEW,46,8029,USD,59
Jean Simon,jean.simon37@leads.com,0779708008,CONTACTED,60,2908,USD,65
Claire Dupont,claire.dupont38@leads.com,0778598912,NEW,25,7749,USD,31
Nicolas David,nicolas.david39@leads.com,0796250430,NEW,74,35284,USD,50
Claire Garcia,claire.garcia40@leads.com,0763089043,CONTACTED,90,29663,USD,34
Marie Lefebvre,marie.lefebvre41@leads.com,0763404885,CONTACTED,85,11397,USD,35
Marie Laurent,marie.laurent42@leads.com,0776986988,LOST,77,36752,USD,69
Jean Garcia,jean.garcia43@leads.com,0728345728,CONTACTED,39,12288,USD,18
Marie Dupont,marie.dupont44@leads.com,0751294843,QUALIFIED,70,28771,USD,94
Emma Simon,emma.simon45@leads.com,0787598558,CONTACTED,36,33824,USD,92
Thomas Leroy,thomas.leroy46@leads.com,0792397008,NEW,81,40838,USD,71
Julie Moreau,julie.moreau47@leads.com,0727412967,CONTACTED,55,7550,USD,87
Nicolas Michel,nicolas.michel48@leads.com,0792209296,CONTACTED,82,34421,USD,51
Jean Petit,jean.petit49@leads.com,0795131679,LOST,16,1358,USD,59
Sophie David,sophie.david50@leads.com,0762498385,NEW,79,9861,USD,35
Jean Simon,jean.simon51@leads.com,0759200127,LOST,21,13049,USD,86
Jean Leroy,jean.leroy52@leads.com,0757954365,LOST,69,37108,USD,94
Luc Martin,luc.martin53@leads.com,0739934560,NEW,68,9564,USD,35
Luc Simon,luc.simon54@leads.com,0748781135,CONTACTED,32,23071,USD,16
Nicolas Lefebvre,nicolas.lefebvre55@leads.com,0773500813,NEW,14,30650,USD,38
Paul Martin,paul.martin56@leads.com,0748190696,QUALIFIED,22,35979,USD,52
Celine Garcia,celine.garcia57@leads.com,0714781155,QUALIFIED,29,14633,USD,82
Nicolas Moreau,nicolas.moreau58@leads.com,0745291377,CONTACTED,76,10331,USD,44
Sophie Lefebvre,sophie.lefebvre59@leads.com,0756983143,QUALIFIED,29,21329,USD,84
Jean Lefebvre,jean.lefebvre60@leads.com,0797438761,QUALIFIED,46,45539,USD,29
Emma Petit,emma.petit61@leads.com,0724862194,QUALIFIED,44,40042,USD,44
Antoine Laurent,antoine.laurent62@leads.com,0756607669,QUALIFIED,64,35181,USD,95
Sophie Leroy,sophie.leroy63@leads.com,0719294628,CONTACTED,35,11494,USD,87
Celine Martin,celine.martin64@leads.com,0744704767,QUALIFIED,52,13791,USD,56
Marie Lefebvre,marie.lefebvre65@leads.com,0777204324,CONTACTED,40,38120,USD,26
Antoine Garcia,antoine.garcia66@leads.com,0732325864,QUALIFIED,83,12640,USD,25
Sophie Petit,sophie.petit67@leads.com,0775574878,NEW,28,39004,USD,43
Thomas Simon,thomas.simon68@leads.com,0712236381,QUALIFIED,54,10603,USD,21
Luc David,luc.david69@leads.com,0763829020,LOST,50,25079,USD,22
Antoine Bernard,antoine.bernard70@leads.com,0728186993,QUALIFIED,18,25578,USD,24
Thomas Lefebvre,thomas.lefebvre71@leads.com,0717093133,NEW,42,47188,USD,57
Thomas Michel,thomas.michel72@leads.com,0724311339,CONTACTED,21,12101,USD,86
Julie David,julie.david73@leads.com,0747159699,CONTACTED,17,19189,USD,73
Julie Bernard,julie.bernard74@leads.com,0797902487,QUALIFIED,44,36142,USD,92
Nicolas Lefebvre,nicolas.lefebvre75@leads.com,0781724110,CONTACTED,42,2790,USD,59
Emma Bernard,emma.bernard76@leads.com,0798567831,LOST,50,3956,USD,65
Emma Michel,emma.michel77@leads.com,0757173821,QUALIFIED,36,17007,USD,52
Marie Michel,marie.michel78@leads.com,0742149177,LOST,58,34373,USD,44
Thomas Petit,thomas.petit79@leads.com,0722968642,NEW,28,33313,USD,21
Julie Lefebvre,julie.lefebvre80@leads.com,0718406641,LOST,28,35714,USD,27
Marie Garcia,marie.garcia81@leads.com,0770035952,CONTACTED,15,35022,USD,62
Antoine Moreau,antoine.moreau82@leads.com,0751545419,CONTACTED,35,39726,USD,17
Thomas Simon,thomas.simon83@leads.com,0738694535,QUALIFIED,31,15454,USD,46
Paul Lefebvre,paul.lefebvre84@leads.com,0742497434,QUALIFIED,47,22076,USD,51
Thomas Laurent,thomas.laurent85@leads.com,0759781632,NEW,58,41573,USD,55
Sophie Laurent,sophie.laurent86@leads.com,0746867077,CONTACTED,85,22699,USD,23
Antoine Lefebvre,antoine.lefebvre87@leads.com,0714555947,NEW,42,38035,USD,53
Paul Petit,paul.petit88@leads.com,0730684873,QUALIFIED,87,30671,USD,89
Julie Michel,julie.michel89@leads.com,0752408008,NEW,56,36113,USD,16
Thomas Michel,thomas.michel90@leads.com,0724365327,NEW,83,49159,USD,40
Nicolas Laurent,nicolas.laurent91@leads.com,0721954148,LOST,80,40454,USD,31
Jean Leroy,jean.leroy92@leads.com,0780130781,QUALIFIED,58,2893,USD,41
Emma Petit,emma.petit93@leads.com,0757899631,QUALIFIED,25,7151,USD,18
Nicolas Dupont,nicolas.dupont94@leads.com,0714907561,CONTACTED,11,20893,USD,46
Antoine Garcia,antoine.garcia95@leads.com,0730029227,LOST,43,47586,USD,79
Emma Bernard,emma.bernard96@leads.com,0724523095,NEW,61,31477,USD,63
Antoine Simon,antoine.simon97@leads.com,0765284690,QUALIFIED,20,28638,USD,22
Antoine Bernard,antoine.bernard98@leads.com,0774221281,LOST,87,35444,USD,36
Julie Michel,julie.michel99@leads.com,0790562898,CONTACTED,24,25164,USD,74
Nicolas Leroy,nicolas.leroy100@leads.com,0771231657,NEW,52,4584,USD,77
Julie David,julie.david101@leads.com,0745934165,NEW,84,34310,USD,68
Thomas Laurent,thomas.laurent102@leads.com,0760690579,LOST,23,27448,USD,42
Antoine Lefebvre,antoine.lefebvre103@leads.com,0714115110,LOST,80,30675,USD,20
Sophie Martin,sophie.martin104@leads.com,0764252202,NEW,65,2399,USD,36
Antoine Martin,antoine.martin105@leads.com,0746383521,CONTACTED,28,36963,USD,46
Luc Martin,luc.martin106@leads.com,0787960785,NEW,34,41910,USD,85
Thomas Dupont,thomas.dupont107@leads.com,0758682220,NEW,59,47187,USD,27
Thomas Bernard,thomas.bernard108@leads.com,0728273797,QUALIFIED,14,22077,USD,72
Julie Leroy,julie.leroy109@leads.com,0712230430,NEW,40,10469,USD,65
Jean Petit,jean.petit110@leads.com,0732477184,LOST,42,43763,USD,92
Thomas Moreau,thomas.moreau111@leads.com,0753486379,QUALIFIED,12,32963,USD,83
Thomas Lefebvre,thomas.lefebvre112@leads.com,0787363620,CONTACTED,90,47163,USD,11
Marie Lefebvre,marie.lefebvre113@leads.com,0732126697,LOST,35,39125,USD,36
Paul Laurent,paul.laurent114@leads.com,0715840339,QUALIFIED,22,16113,USD,75
Antoine Bernard,antoine.bernard115@leads.com,0722657446,LOST,58,33387,USD,95
Nicolas Martin,nicolas.martin116@leads.com,0733157210,LOST,88,8049,USD,29
Claire Leroy,claire.leroy117@leads.com,0749077669,NEW,35,35294,USD,34
Celine Moreau,celine.moreau118@leads.com,0724809802,LOST,59,26069,USD,77
Jean Laurent,jean.laurent119@leads.com,0725433512,CONTACTED,35,2692,USD,79
Thomas Garcia,thomas.garcia120@leads.com,0769645979,LOST,67,46597,USD,42
